Rui Yan  ---->  r.yan@pku.edu.cn
Jie Tang  ---->  jietang@tsinghua.edu.cn
Xiaobing Liu  ---->  lxb@net.pku.edu.cn
Dongdong Shan  ---->  sdd@net.pku.edu.cn
Xiaoming Li  ---->  lxm@pku.edu.cn

Alexandru Constantin  ---->  aconstantin@cs.man.ac.uk
Steve Pettifer  ---->  steve.pettifer@cs.man.ac.uk
Andrei Voronkov  ---->  voronkov@cs.man.ac.uk

Amit Prakash  ---->  amitp@microsoft.com
Eric Brill  ---->  brill@microsoft.com
Matthew Richardson  ---->  mattri@microsoft.com

Gong Cheng  ---->  gcheng@nju.edu.cn
Danyun Xu  ---->  dyxu@smail.nju.edu.cn
Yuzhong Qu  ---->  yzqu@nju.edu.cn

Ying Ding  ---->  dingying@indiana.edu
Guo Zhang  ---->  guozhang@indiana.edu
Min Song  ---->  min.song@yonsei.ac.kr
Xiaolong Wang  ---->  xwang95@illinois.edu
Chengxiang Zhai  ---->  czhai@illinois.edu

